Formato;Ref.;Linha;Coleção;Cor;Superfície;Faces;Variação de Tonalidade;Local de Uso;Derivação;m2/cx;peças/cx;m2/pallet;cx/pallet;peso bruto/m2;peso bruto/cx;"Espessura
mm"; Preco 1 ; Preco 2 ; Preco 3 ; Preco 4 
20 x 141,5;200001;ROVERE;;única;Natural;24;V3;3;R306;1,42;5;56,80;40;21,10;30,00;9,0; R$ 71,43 ; R$ 80,46 ; R$ 90,86 ; R$ 103,86 
20 x 141,5;200006;CERATTO;Naturale;carvalho;Natural;20;V3;3;R306;1,42;5;56,80;40;21,10;30,00;9,0; R$ 71,32 ; R$ 80,20 ; R$ 90,40 ; R$ 103,11 
20 x 141,5;200011;IRONWORK;Bistrô;única;Natural;24;V3;3;R306;1,42;5;56,80;40;21,10;30,00;9,0; R$ 90,88 ; R$ 103,84 ; R$ 119,17 ; R$ 138,71 
20 x 141,5;200017;MADERO;Naturale;jatobá;Externo;12;V3;4;R306;1,42;5;56,80;40;21,10;30,00;9,0; R$ 76,64 ; R$ 86,87 ; R$ 98,81 ; R$ 113,84 
20 x 141,5;200019;BALI;Naturale;jatobá;Natural;12;V2;3;R306;1,42;5;56,80;40;21,10;30,00;9,0; R$ 71,40 ; R$ 80,39 ; R$ 90,74 ; R$ 103,66 
20 x 141,5;200028;GARDEN;Naturale;única;Natural Vein;16;V3;3;R306;1,42;5;56,80;40;21,10;30,00;9,0; R$ 71,28 ; R$ 80,11 ; R$ 90,23 ; R$ 102,85 
20 x 141,5;200029 - VILLA ART;OAKVILLE;Naturale;amêndoa;Natural Vein;8;V3;3;R306;1,42;5;56,80;40;21,10;30,00;9,0; R$ 70,26 ; R$ 79,22 ; R$ 89,57 ; R$ 102,64 
20 x 141,5;200030 - VILLA ART;OAKVILLE;Naturale;carvalho;Natural Vein;8;V3;3;R306;1,42;5;56,80;40;21,10;30,00;9,0; R$ 71,60 ; R$ 80,72 ; R$ 91,28 ; R$ 104,59 
20 x 141,5;200031;ECOVILLE;Naturale;cipres;Natural Vein;8;V3;3;R306;1,42;5;56,80;40;21,10;30,00;9,0; R$ 78,79 ; R$ 89,38 ; R$ 101,74 ; R$ 117,32 
20 x 141,5;200032;ECOVILLE;Naturale;jatobá;Natural Vein;8;V3;3;R306;1,42;5;56,80;40;21,10;30,00;9,0; R$ 78,40 ; R$ 88,44 ; R$ 100,05 ; R$ 114,58 
20 x 141,5;200033;MATSU;Naturale;bambu;Natural Vein;12;V3;3;R306;1,42;5;56,80;40;21,10;30,00;9,0; R$ 78,66 ; R$ 89,07 ; R$ 101,17 ; R$ 116,40 
20 x 141,5;200034;MATSU;Naturale;vime;Natural Vein;12;V3;3;R306;1,42;5;56,80;40;21,10;30,00;9,0; R$ 78,59 ; R$ 88,88 ; R$ 100,84 ; R$ 115,86 
20 x 141,5;200035 - VILLA ART;OAKVILLE;Naturale;carvalho;Externo;8;V3;4;R306;1,42;5;56,80;40;21,10;30,00;9,0; R$ 71,82 ; R$ 81,41 ; R$ 92,59 ; R$ 106,78 
20 x 141,5;200036;ECOVILLE;Naturale;jatobá;Externo;8;V3;4;R306;1,42;5;56,80;40;21,10;30,00;9,0; R$ 76,70 ; R$ 87,03 ; R$ 99,08 ; R$ 114,29 
20 x 141,5;200037;BRUT;Metropolitana;única;Natural Sense UP;16;V3;3;R306;1,42;5;56,80;40;21,10;30,00;9,0; R$ 94,53 ; R$ 106,96 ; R$ 121,40 ; R$ 139,54 
20 x 141,5;200038;CERRADO;Naturale;única;Natural Sense IN;16;V3;3;R306;1,42;5;56,80;40;21,10;30,00;9,0; R$ 80,37 ; R$ 90,36 ; R$ 101,86 ; R$ 116,18 
20 x 141,5;200039;CERRADO;Naturale;única;Externo Sense IN;16;V3;4;R306;1,42;5;56,80;40;21,10;30,00;9,0; R$ 76,00 ; R$ 85,37 ; R$ 96,11 ; R$ 109,47 
24,5 x 100;2428;NATURAL;Naturale;ipê;Natural;8;V3;3;R100;2,20;9;70,40;32;16,24;33,10;7,0; R$ 61,04 ; R$ 68,27 ; R$ 76,51 ; R$ 86,71 
24,5 x 100;2432;CASTANO ;Naturale;peppe;Externo;8;V3;4;R100;2,20;9;70,40;32;16,24;33,10;7,0; R$ 66,94 ; R$ 75,26 ; R$ 84,82 ; R$ 96,74 
24,5 x 100;2450;CERATTO;Naturale;carvalho;Natural;10;V3;3;R100;2,20;9;70,40;32;16,24;33,10;7,0; R$ 61,07 ; R$ 68,34 ; R$ 76,63 ; R$ 86,91 
24,5 x 100;2480;MADERO;Naturale;carvalho;Externo;16;V3;4;R100;2,20;9;70,40;32;16,24;33,10;7,0; R$ 67,02 ; R$ 75,45 ; R$ 85,16 ; R$ 97,28 
24,5 x 100;2481;MADERO;Naturale;jatobá;Externo;16;V3;4;R100;2,20;9;70,40;32;16,24;33,10;7,0; R$ 66,90 ; R$ 75,17 ; R$ 84,66 ; R$ 96,48 
24,5 x 100;24054;ECOFLOOR;Naturale;carvalho;Natural;4;V3;3;R100;2,20;9;70,40;32;16,24;33,10;7,0; R$ 65,94 ; R$ 74,32 ; R$ 83,99 ; R$ 96,08 
24,5 x 100;24055;ECOFLOOR;Naturale;jatobá;Natural;4;V3;3;R100;2,20;9;70,40;32;16,24;33,10;7,0; R$ 65,80 ; R$ 73,99 ; R$ 83,40 ; R$ 95,13 
24,5 x 100;24057;ECOFLOOR;Naturale;amêndola;Natural;4;V2;3;R100;2,20;9;70,40;32;16,24;33,10;7,0; R$ 66,02 ; R$ 74,51 ; R$ 84,32 ; R$ 96,61 
24,5 x 100;24058;ALASKA;Naturale;-;Natural;20;V4;3;R100;2,20;9;70,40;32;16,24;33,10;7,0; R$ 61,14 ; R$ 68,52 ; R$ 76,95 ; R$ 87,41 
24,5 x 100;24074;AMSTERDAM;Naturale;-;Natural;20;V4;3;R100;2,20;9;70,40;32;16,24;33,10;7,0; R$ 61,16 ; R$ 68,55 ; R$ 77,00 ; R$ 87,49 
24,5 x 100;24076;BAOBÁ;Naturale;-;Externo;10;V3;4;R100;2,20;9;70,40;32;16,24;33,10;7,0; R$ 66,93 ; R$ 75,23 ; R$ 84,77 ; R$ 96,65 
24,5 x 100;24092;HANNOVER;Metropolitana;única;Natural;6;V3;3;R100;2,20;9;70,40;32;16,20;70,40;7,0; R$ 66,11 ; R$ 74,71 ; R$ 84,69 ; R$ 97,20 
35 x 71,6;350064;CLEAN;Monocolore;-;Acetinado;1;V1;2;R108;2,51;10;100,40;40;16,40;41,16;7,0; R$ 52,10 ; R$ 57,77 ; R$ 64,15 ; R$ 71,98 
50 x 100;1056;VECCHIA;Naturale;ipê;Externo;4;V2;4;R112;2,50;5;120,00;48;16,00;40,00;7,0; R$ 70,91 ; R$ 80,23 ; R$ 91,06 ; R$ 104,67 
50 x 100;10064;CLEAN;Monocolore;branco;Acetinado;1;V1;2;R112;2,50;5;120,00;48;16,00;40,00;7,0; R$ 54,75 ; R$ 60,96 ; R$ 67,97 ; R$ 76,62 
61 x 106,5;610003;ÔNIX;Marmo;-;Polido;10;V3;2;R208;1,95;3;97,50;50;20,00;39,00;8,0; R$ 77,43 ; R$ 86,49 ; R$ 96,80 ; R$ 109,54 
61 x 106,5;610015;MARMO D´ORO;Marmo;-;Polido;15;V2;2;R208;1,95;3;97,50;50;20,00;39,00;8,0; R$ 77,06 ; R$ 85,64 ; R$ 95,30 ; R$ 107,20 
61 x 106,5;610025;CABERNET;Marmo;-;Polido;8;V3;2;R208;1,95;3;97,50;50;20,00;39,00;8,0; R$ 76,87 ; R$ 85,21 ; R$ 94,56 ; R$ 106,05 
61 x 106,5;610032;PALAZZO DUCALE;Marmo;-;Polido;10;V3;2;R208;1,95;3;97,50;50;20,00;39,00;8,0; R$ 77,42 ; R$ 86,49 ; R$ 96,79 ; R$ 109,53 
61 x 106,5;610034;MILANO;Marmo;off white;Polido;8;V3;2;R208;1,95;3;97,50;50;20,00;39,00;8,0; R$ 77,42 ; R$ 86,47 ; R$ 96,76 ; R$ 109,49 
61 x 106,5;610036;PALAZZO DUCALE;Marmo;bianco;Polido;6;V3;2;R208;1,95;3;97,50;50;20,00;39,00;8,0; R$ 77,42 ; R$ 86,48 ; R$ 96,77 ; R$ 109,50 
61,4 x 123;640001;PANTHEON;Minerale;única;Natural Grit;12;V3;3;R317;2,27;3;72,64;32;20,70;48,00;9,0; R$ 63,74 ; R$ 71,22 ; R$ 79,73 ; R$ 90,26 
61,4 x 123;640002;COLOSSEO;Marmo;única;Natural Vein;12;V2;3;R317;2,27;3;72,64;32;20,70;48,00;9,0; R$ 63,75 ; R$ 71,24 ; R$ 79,76 ; R$ 90,31 
61,4 x 123;640005;HOUSE;Metropolitana;off white;Natural;12;V2;3;R317;2,27;3;72,64;32;20,70;48,00;9,0; R$ 58,87 ; R$ 65,59 ; R$ 73,19 ; R$ 82,57 
61,4 x 123;640006;HOUSE;Metropolitana;silver;Natural;12;V2;3;R317;2,27;3;72,64;32;20,70;48,00;9,0; R$ 58,84 ; R$ 65,52 ; R$ 73,06 ; R$ 82,35 
61,4 x 123;640007;AGRA;Marmo;única;Natural Soft;16;V3;3;R317;2,27;3;72,64;32;20,70;48,00;9,0; R$ 63,76 ; R$ 71,27 ; R$ 79,82 ; R$ 90,40 
63 x 108;630010;INDUSTRIAL;Metropolitana;sand;Externo;6;V3;4;R209;2,03;3;101,50;50;19,70;40,00;8,0; R$ 68,24 ; R$ 76,78 ; R$ 86,61 ; R$ 98,86 
63 x 108;630011;INDUSTRIAL;Metropolitana;cement;Externo;6;V3;4;R209;2,03;3;101,50;50;19,70;40,00;8,0; R$ 68,20 ; R$ 76,69 ; R$ 86,44 ; R$ 98,60 
63 x 108;630033;MARMO D´ORO;Marmo;-;Natural Soft;15;V2;3;R209;2,03;3;101,50;50;19,70;40,00;8,0; R$ 69,08 ; R$ 77,83 ; R$ 87,92 ; R$ 100,52 
63 x 108;630037;CITY;Metropolitana;cement;Natural;6;V3;3;R209;2,03;3;101,50;50;19,70;40,00;8,0; R$ 74,78 ; R$ 84,73 ; R$ 96,31 ; R$ 110,90 
63 x 108;630045;BERLIN;Metropolitana;white;Natural;1;V2;3;R209;2,03;3;101,50;50;19,70;40,00;8,0; R$ 57,57 ; R$ 64,14 ; R$ 71,59 ; R$ 80,77 
63 x 108;630046;BERLIN;Metropolitana;cement;Natural;1;V2;3;R209;2,03;3;101,50;50;19,70;40,00;8,0; R$ 57,52 ; R$ 64,05 ; R$ 71,42 ; R$ 80,51 
63 x 108;630052;CARIBBEAN;Bistrô;-;Brilhante;4;V3;2;R209;2,03;3;101,50;50;19,70;40,00;8,0; R$ 74,69 ; R$ 84,51 ; R$ 95,93 ; R$ 110,27 
63 x 108;630053;MARBELLA;Bistrô;-;Brilhante;4;V3;2;R209;2,03;3;101,50;50;19,70;40,00;8,0; R$ 74,69 ; R$ 84,51 ; R$ 95,91 ; R$ 110,25 
63 x 108;630057;MILANO;Marmo;off white;Natural Soft;8;V3;3;R209;2,03;3;101,50;50;19,70;40,00;8,0; R$ 69,04 ; R$ 77,73 ; R$ 87,75 ; R$ 100,25 
63 x 108;630058;SANTIAGO;Minerale;única;Externo;8;V3;4;R209;2,03;3;101,50;50;19,70;40,00;8,0; R$ 73,98 ; R$ 83,79 ; R$ 95,19 ; R$ 109,55 
63 x 108;630059;MARBELLA;Bistrô;-;Externo;4;V3;4;R209;2,03;3;101,50;50;19,70;40,00;8,0; R$ 73,86 ; R$ 83,49 ; R$ 94,66 ; R$ 108,67 
63 x 108;630062;RENASCENCE;Marmo;única;Natural;6;V3;3;R209;2,03;3;101,50;50;19,70;40,00;8,0; R$ 69,11 ; R$ 77,91 ; R$ 88,07 ; R$ 100,77 
63 x 108;630063;LAGOON;Bistrô;única;Externo;8;V3;4;R209;2,03;3;101,50;50;19,70;40,00;8,0; R$ 73,92 ; R$ 83,65 ; R$ 94,94 ; R$ 109,13 
63 x 108;630064;CLEAN;Monocolore;-;Acetinado;1;V1;2;R209;2,03;3;101,50;50;19,70;40,00;8,0; R$ 63,73 ; R$ 71,28 ; R$ 79,89 ; R$ 90,54 
63 x 108;630065;PALAZZO DUCALE;Marmo;bianco;Natural Soft;6;V3;3;R209;2,03;3;101,50;50;19,70;40,00;8,0; R$ 69,05 ; R$ 77,76 ; R$ 87,80 ; R$ 100,33 
71,6 x 71,6;710086;ACAPULCO;Minerale;cinza light;Externo;1;V2;4;R105;2,56;5;102,40;40;16,21;42,20;7,0; R$ 65,37 ; R$ 73,89 ; R$ 83,77 ; R$ 96,17 
71,6 x 71,6;710088;ACAPULCO;Minerale;bege claro;Externo;1;V2;4;R105;2,56;5;102,40;40;16,21;42,20;7,0; R$ 65,35 ; R$ 73,86 ; R$ 83,74 ; R$ 96,13 
71,6 x 71,6;710099;HOUSE;Metropolitana;off white;Natural;4;V2;3;R105;2,56;5;102,40;40;16,21;42,20;7,0; R$ 47,48 ; R$ 52,50 ; R$ 58,11 ; R$ 64,99 
71,6 x 71,6;710100;HOUSE;Metropolitana;beige;Natural;4;V2;3;R105;2,56;5;102,40;40;16,21;42,20;7,0; R$ 47,46 ; R$ 52,47 ; R$ 58,06 ; R$ 64,92 
71,6 x 71,6;710101;HOUSE;Metropolitana;silver;Natural;4;V2;3;R105;2,56;5;102,40;40;16,21;42,20;7,0; R$ 47,46 ; R$ 52,46 ; R$ 58,05 ; R$ 64,90 
71,6 x 71,6;710102;HOUSE;Metropolitana;cement;Natural;4;V2;3;R105;2,56;5;102,40;40;16,21;42,20;7,0; R$ 47,45 ; R$ 52,44 ; R$ 58,01 ; R$ 64,83 
71,6 x 71,6;710103;HOUSE;Metropolitana;beige;Externo;4;V2;4;R105;2,56;5;102,40;40;16,21;42,20;7,0; R$ 50,86 ; R$ 56,42 ; R$ 62,66 ; R$ 70,34 
71,6 x 71,6;710104;HOUSE;Metropolitana;silver;Externo;4;V2;4;R105;2,56;5;102,40;40;16,21;42,20;7,0; R$ 50,86 ; R$ 56,42 ; R$ 62,66 ; R$ 70,33 
71,6 x 71,6;710105;HOUSE;Metropolitana;cement;Externo;4;V2;4;R105;2,56;5;102,40;40;16,21;42,20;7,0; R$ 50,85 ; R$ 56,39 ; R$ 62,62 ; R$ 70,26 
80,5 x 140;800003;COLOSSEO;Marmo;única;Polido;6;V2;2;R314;2,25;2;63,00;28;20,90;47,00;9,0; R$ 95,60 ; R$ 108,32 ; R$ 123,13 ; R$ 141,78 
80,5 x 140;800005;PALAZZO DUCALE;Marmo;única;Polido;6;V3;2;R314;2,25;2;63,00;28;20,90;47,00;9,0; R$ 95,59 ; R$ 108,29 ; R$ 123,07 ; R$ 141,68 
80,5 x 140;800008;ROYAL BLACK;Marmo;-;Polido;8;V2;2;R314;2,25;2;63,00;28;20,90;47,00;9,0; R$ 112,90 ; R$ 128,69 ; R$ 147,28 ; R$ 170,89 
80,5 x 140;800014;AMAZONITA;Marmo;-;Polido;8;V3;2;R314;2,25;2;63,00;28;20,90;47,00;9,0; R$ 113,49 ; R$ 130,13 ; R$ 149,94 ; R$ 175,34 
80,5 x 140;800021;MONTE BIANCO;Marmo;-;Polido;5;V3;2;R314;2,25;2;63,00;28;20,90;47,00;9,0; R$ 94,99 ; R$ 106,85 ; R$ 120,50 ; R$ 137,53 
80,5 x 140;800025;ATLANTIS;Marmo;única;Polido;8;V3;2;R314;2,25;2;63,00;28;20,90;47,00;9,0; R$ 113,29 ; R$ 129,64 ; R$ 149,04 ; R$ 173,82 
80,5 x 140;800029;BLUE MOON;Marmo;única;Polido;6;V3;2;R314;2,25;2;63,00;28;20,90;47,00;9,0; R$ 113,48 ; R$ 130,10 ; R$ 149,89 ; R$ 175,25 
80,5 x 140;800030;AGRA;Marmo;única;Polido;8;V3;2;R314;2,25;2;63,00;28;20,90;47,00;9,0; R$ 95,58 ; R$ 108,26 ; R$ 123,02 ; R$ 141,60 
80,5 x 140;800033;PALAZZO DUCALE BIANCO;Marmo;bianco;Polido;8;V3;2;R314;2,25;2;63,00;28;20,90;47,00;9,0; R$ 95,61 ; R$ 108,34 ; R$ 123,16 ; R$ 141,83 
80,5 x 140;800034;IRONWORK;Bistrô;única;Natural;6;V3;3;R314;2,25;2;63,00;28;20,90;47,00;9,0; R$ 107,48 ; R$ 123,61 ; R$ 142,92 ; R$ 167,81 
80,5 x 140;800036;MONTE BIANCO;Marmo;-;Natural Soft;5;V3;3;R314;2,25;2;63,00;28;20,90;47,00;9,0; R$ 91,72 ; R$ 104,59 ; R$ 119,75 ; R$ 139,03 
80,5 x 140;800037;COLOSSEO;Marmo;única;Natural Vein;6;V2;3;R314;2,25;2;63,00;28;20,90;47,00;9,0; R$ 102,88 ; R$ 118,31 ; R$ 136,80 ; R$ 160,62 
80,5 x 140;800039;TAIKÔ;Naturale;carvalho;Externo ;4;V2;4;R308;2,25;2;72,00;32;20,90;47,00;9,0; R$ 114,87 ; R$ 133,98 ; R$ 157,51 ; R$ 188,62 
80,5 x 140;800040;TAIKÔ;Naturale;pinus;Externo ;4;V2;4;R308;2,25;2;72,00;32;20,90;47,00;9,0; R$ 115,22 ; R$ 134,90 ; R$ 159,28 ; R$ 191,76 
80,5 x 140;800041;TREVI;Marmo;única;Natural Vein;8;V3;3;R314;2,25;2;63,00;28;20,90;47,00;9,0; R$ 91,65 ; R$ 104,41 ; R$ 119,43 ; R$ 138,49 
80,5 x 140;800042;TREVI DECOR ;Marmo;Única;Decor;8;V3;1;R308;2,25;2;72,00;32;20,90;47,00;9,0; R$ 114,66 ; R$ 133,46 ; R$ 156,50 ; R$ 186,85 
80,5 x 140;800043;LE HAVRE;Minerale;única;Natural Grit;8;V3;3;R314;2,25;2;63,00;28;20,90;47,00;9,0; R$ 93,88 ; R$ 107,00 ; R$ 122,46 ; R$ 142,09 
80,5 x 140;800044;BLU SIENA;Marmo;blu;Natural Grit;8;V3;3;R314;2,25;2;63,00;28;20,90;47,00;9,0; R$ 110,75 ; R$ 127,92 ; R$ 148,66 ; R$ 175,57 
80,5 x 140;800046;DOLCE;Bistrô;bianco;Decor;1;V1;1;R308;2,25;2;72,00;32;20,90;47,00;9,0; R$ 114,95 ; R$ 134,21 ; R$ 157,94 ; R$ 189,39 
80,5 x 140;800047;DOLCE;Bistrô;blu;Decor;1;V1;1;R308;2,25;2;72,00;32;20,90;47,00;9,0; R$ 114,87 ; R$ 133,98 ; R$ 157,51 ; R$ 188,62 
80,5 x 140;800048;DOLCE;Bistrô;menta;Decor;1;V1;1;R308;2,25;2;72,00;32;20,90;47,00;9,0; R$ 114,95 ; R$ 134,19 ; R$ 157,91 ; R$ 189,33 
80,5 x 140;800050;AGRA;Marmo;única;Natural Soft;8;V3;3;R314;2,25;2;63,00;28;20,90;47,00;9,0; R$ 91,69 ; R$ 104,51 ; R$ 119,61 ; R$ 138,78 
80,5 x 140;800052;AVILÉS;Minerale;única;Natural Grit;8;V3;3;R314;2,25;2;63,00;28;20,90;47,00;9,0; R$ 110,34 ; R$ 126,90 ; R$ 146,72 ; R$ 172,27 
80,5 x 140;800053;PALAZZO DUCALE BIANCO;Marmo;bianco;Natural Soft;8;V3;3;R314;2,25;2;63,00;28;20,90;47,00;9,0; R$ 91,73 ; R$ 104,60 ; R$ 119,78 ; R$ 139,08 
80,5 x 140;800054;EMANATURA CALCARIO DECOR;Decor;calcário;Decor;2;V2;1;R308;2,25;2;72,00;32;20,90;47,00;9,0; R$ 114,38 ; R$ 132,77 ; R$ 155,17 ; R$ 184,51 
80,5 x 140;800056;EMANATURA ARGILA DECOR;Decor;argila;Decor;2;V2;1;R308;2,25;2;72,00;32;20,90;47,00;9,0; R$ 114,14 ; R$ 132,15 ; R$ 154,00 ; R$ 182,49 
80,5 x 140;800061 - VILLA ART;EL CALAFATE;Marmo;única;Polido;8;V3;2;R314;2,25;2;63,00;28;20,90;47,00;9,0; R$ 98,56 ; R$ 111,71 ; R$ 127,05 ; R$ 146,52 
80,5 x 140;800062 - VILLA ART;PIETRA DI TIBUR;Minerale;única;Natural Sense UP;6;V3;3;R314;2,25;2;63,00;28;20,90;47,00;9,0; R$ 119,25 ; R$ 135,17 ; R$ 153,72 ; R$ 177,28 
80,5 x 140;800063;TIFFANY;Marmo;green;Polido;8;V3;2;R314;2,25;2;63,00;28;20,90;47,00;9,0; R$ 95,47 ; R$ 108,00 ; R$ 122,56 ; R$ 140,84 
80,5 x 140;800064;TIFFANY;Marmo;green;Natural Grit;8;V3;3;R314;2,25;2;63,00;28;20,90;47,00;9,0; R$ 110,60 ; R$ 127,56 ; R$ 147,97 ; R$ 174,39 
80,5 x 140;800065;RENASCENCE DECOR;Marmo;única;Decor;4;V3;1;R308;2,25;2;72,00;32;20,90;47,00;9,0; R$ 114,52 ; R$ 133,11 ; R$ 155,83 ; R$ 185,66 
80,5 x 140;800066;MÂNTOVA DECOR;Bistrô;cotto;Decor;4;V3;1;R308;2,25;2;72,00;32;20,90;47,00;9,0; R$ 114,35 ; R$ 132,67 ; R$ 154,98 ; R$ 184,19 
80,5 x 140;800067;MÂNTOVA DECOR;Bistrô;bianco;Decor;4;V3;1;R308;2,25;2;72,00;32;20,90;47,00;9,0; R$ 114,51 ; R$ 133,08 ; R$ 155,78 ; R$ 185,58 
80,5 x 140;800068;FLOW DECOR;Metropolitana;warm;Decor;4;V2;1;R314;2,25;2;63,00;28;20,90;47,00;9,0; R$ 112,78 ; R$ 128,80 ; R$ 147,73 ; R$ 171,85 
80,5 x 140;800069;FLOW DECOR;Metropolitana;concret;Decor;4;V2;1;R314;2,25;2;63,00;28;20,90;47,00;9,0; R$ 112,77 ; R$ 128,77 ; R$ 147,68 ; R$ 171,76 
80,5 x 140;800070;RENASCENCE;Marmo;única;Natural Vein;6;V3;3;R314;2,25;2;63,00;28;20,90;47,00;9,0; R$ 102,92 ; R$ 118,43 ; R$ 137,01 ; R$ 160,98 
80,5 x 140;800071;TATAME;Bistrô;única;Natural SenseUP;4;V3;3;R314;2,25;2;63,00;28;20,90;47,00;9,0; R$ 135,56 ; R$ 155,91 ; R$ 180,27 ; R$ 211,66 
80,5 x 140;800072;HOUSE;Metropolitana;off white;Natural;6;V2;3;R314;2,25;2;63,00;28;20,90;47,00;9,0; R$ 76,61 ; R$ 86,16 ; R$ 97,16 ; R$ 110,86 
80,5 x 140;800073;HOUSE;Metropolitana;silver;Natural;6;V2;3;R314;2,25;2;63,00;28;20,90;47,00;9,0; R$ 76,59 ; R$ 86,12 ; R$ 97,07 ; R$ 110,72 
80,5 x 140;800074;ZION;Naturale;carvalho;Natural Grit;4;V3;3;R308;2,25;2;72,00;32;20,90;47,00;9,0; R$ 114,23 ; R$ 132,38 ; R$ 154,43 ; R$ 183,23 
80,5 x 140;800075;ZION;Naturale;jatobá;Natural Grit;4;V3;3;R308;2,25;2;72,00;32;20,90;47,00;9,0; R$ 113,90 ; R$ 131,56 ; R$ 152,88 ; R$ 180,56 
80,5 x 140;800076;PALAZZO DUCALE BIANCO;Marmo;bianco;Decor;8;V3;1;R308;2,25;2;72,00;32;20,90;47,00;9,0; R$ 114,89 ; R$ 134,04 ; R$ 157,61 ; R$ 188,80 
80,5 x 140;800077;AGRA;Marmo;única;Decor;8;V3;1;R308;2,25;2;72,00;32;20,90;47,00;9,0; R$ 114,87 ; R$ 134,00 ; R$ 157,55 ; R$ 188,68 
80,5 x 140;800078;BRUT DECOR;Metropolitana;única;Decor;4;V3;1;R308;2,25;2;72,00;32;20,90;47,00;9,0; R$ 114,37 ; R$ 132,73 ; R$ 155,11 ; R$ 184,41 
80,5 x 140;800079;ELYSIUM;Marmo;única;Natural Vein;8;V2;3;R314;2,25;2;63,00;28;20,90;47,00;9,0; R$ 103,02 ; R$ 118,68 ; R$ 137,48 ; R$ 161,78 
80,5 x 140;800080;SERENITÀ;Marmo;única;Natural Vein;8;V3;3;R314;2,25;2;63,00;28;20,90;47,00;9,0; R$ 102,98 ; R$ 118,58 ; R$ 137,30 ; R$ 161,48 
80,5 x 140;800081;SERENITÀ DECOR;Marmo;única;Decor;8;-;1;R308;2,25;2;72,00;32;20,90;47,00;9,0; R$ 114,58 ; R$ 133,25 ; R$ 156,10 ; R$ 186,13 
80,5 x 140;800085 - VILLA ART;NAZCA;Minerale;off white;Natural Sense IN;6;V3;3;R314;2,25;2;63,00;28;20,90;47,00;9,0; R$ 85,13 ; R$ 96,49 ; R$ 109,73 ; R$ 126,55 
80,5 x 140;800086 - VILLA ART;NAZCA;Minerale;grey;Natural Sense IN;6;V3;3;R314;2,25;2;63,00;28;20,90;47,00;9,0; R$ 92,28 ; R$ 104,60 ; R$ 118,96 ; R$ 137,19 
80,5 x 140;800087;LUNAR;Minerale;única;Natural Sense IN;8;V2;3;R314;2,25;2;63,00;28;20,90;47,00;9,0; R$ 89,78 ; R$ 101,22 ; R$ 114,42 ; R$ 130,92 
80,5 x 140;800088;MAYTREA;Minerale;única;Natural Sense IN;8;V3;3;R314;2,25;2;63,00;28;20,90;47,00;9,0; R$ 107,60 ; R$ 123,75 ; R$ 143,09 ; R$ 168,01 
80,5 x 140;800089;PARAÍSO;Bistrô;safira;Decor;4;V3;1;R308;2,25;2;72,00;32;20,90;47,00;9,0; R$ 114,35 ; R$ 132,67 ; R$ 154,98 ; R$ 184,19 
80,5 x 140;800090;PARAÍSO;Bistrô;esmeralda;Decor;4;V3;1;R308;2,25;2;72,00;32;20,90;47,00;9,0; R$ 114,35 ; R$ 132,67 ; R$ 154,98 ; R$ 184,19 
82 x 82;828001 - só engenharia;HOUSE;Metropolitana;off white;Natural;4;V2;3;R213;2,02;3;80,80;40;18,50;38,00;8,0; R$ -   ; R$ -   ; R$ -   ; R$ -   
82 x 82;828002 - só engenharia;HOUSE;Metropolitana;beige;Natural;4;V2;3;R213;2,02;3;80,80;40;18,50;38,00;8,0; R$ -   ; R$ -   ; R$ -   ; R$ -   
82 x 82;828003 - só engenharia;HOUSE;Metropolitana;silver;Natural;4;V2;3;R213;2,02;3;80,80;40;18,50;38,00;8,0; R$ -   ; R$ -   ; R$ -   ; R$ -   
82 x 82;828004 - só engenharia;HOUSE;Metropolitana;cement;Natural;4;V2;3;R213;2,02;3;80,80;40;18,50;38,00;8,0; R$ -   ; R$ -   ; R$ -   ; R$ -   
82 x 82;828005 - só engenharia;HOUSE;Metropolitana;beige;Externo;4;V2;4;R213;2,02;3;80,80;40;18,50;38,00;8,0; R$ -   ; R$ -   ; R$ -   ; R$ -   
82 x 82;828006 - só engenharia;HOUSE;Metropolitana;silver;Externo;4;V2;4;R213;2,02;3;80,80;40;18,50;38,00;8,0; R$ -   ; R$ -   ; R$ -   ; R$ -   
82 x 82;828007 - só engenharia;HOUSE;Metropolitana;cement;Externo;4;V2;4;R213;2,02;3;80,80;40;18,50;38,00;8,0; R$ -   ; R$ -   ; R$ -   ; R$ -   
90,5 x 90,5;910013;COPAN;Metropolitana;silver;Polido;6;V2;2;R212;2,46;3;98,40;40;18,40;45,26;8,0; R$ 69,62 ; R$ 77,52 ; R$ 86,44 ; R$ 97,44 
90,5 x 90,5;910014;COPAN;Metropolitana;off white;Polido;6;V2;2;R212;2,46;3;98,40;40;18,40;45,26;8,0; R$ 69,67 ; R$ 77,63 ; R$ 86,63 ; R$ 97,74 
90,5 x 90,5;910028;DUCALE;Marmo;white;Polido;6;V3;2;R212;2,46;3;98,40;40;18,40;45,26;8,0; R$ 80,70 ; R$ 90,84 ; R$ 102,52 ; R$ 117,10 
90,5 x 90,5;910030;MILANO;Marmo;silver;Polido;8;V3;2;R212;2,46;3;98,40;40;18,40;45,26;8,0; R$ 80,61 ; R$ 90,64 ; R$ 102,17 ; R$ 116,53 
90,5 x 90,5;910032;MILANO;Marmo;off white;Polido;8;V3;2;R212;2,46;3;98,40;40;18,40;45,26;8,0; R$ 80,69 ; R$ 90,82 ; R$ 102,48 ; R$ 117,04 
92 x 92;920002;BLACK STONE **;Minerale;-;Natural;7;V2;2;R211;2,54;3;101,60;40;18,40;46,74;8,0; R$ 83,30 ; R$ 94,95 ; R$ 108,67 ; R$ 126,09 
92 x 92;920007;COPAN;Metropolitana;fendi;Natural;6;V2;3;R211;2,54;3;101,60;40;18,40;46,74;8,0; R$ 56,05 ; R$ 62,40 ; R$ 69,58 ; R$ 78,44 
92 x 92;920008;COPAN;Metropolitana;cement;Natural;6;V2;3;R211;2,54;3;101,60;40;18,40;46,74;8,0; R$ 56,08 ; R$ 62,49 ; R$ 69,73 ; R$ 78,67 
92 x 92;920009;COPAN;Metropolitana;silver;Natural;6;V2;3;R211;2,54;3;101,60;40;18,40;46,74;8,0; R$ 56,10 ; R$ 62,51 ; R$ 69,78 ; R$ 78,75 
92 x 92;920010;COPAN;Metropolitana;off white;Natural;6;V2;3;R211;2,54;3;101,60;40;18,40;46,74;8,0; R$ 56,11 ; R$ 62,55 ; R$ 69,83 ; R$ 78,83 
92 x 92;920014;COPAN;Metropolitana;cement;Externo;6;V2;4;R211;2,54;3;101,60;40;18,40;46,74;8,0; R$ 58,00 ; R$ 64,58 ; R$ 72,01 ; R$ 81,17 
92 x 92;920026;COPAN;Metropolitana;beige;Natural;6;V2;3;R211;2,54;3;101,60;40;18,40;46,74;8,0; R$ 56,09 ; R$ 62,50 ; R$ 69,75 ; R$ 78,70 
92 x 92;920027;COPAN;Metropolitana;beige;Externo;6;V2;4;R211;2,54;3;101,60;40;18,40;46,74;8,0; R$ 58,13 ; R$ 64,87 ; R$ 72,52 ; R$ 81,98 
92 x 92;920032;IBIRAPUERA;Minerale;-;Externo;4;V2;4;R211;2,54;3;101,60;40;18,40;46,74;8,0; R$ 72,43 ; R$ 82,43 ; R$ 94,17 ; R$ 109,05 
92 x 92;920033;DUCALE;Marmo;white;Natural;6;V3;3;R211;2,54;3;101,60;40;18,40;46,74;8,0; R$ 61,07 ; R$ 68,73 ; R$ 77,55 ; R$ 88,55 
92 x 92;920035;NAVARRA;Minerale;silver;Externo;6;V3;4;R211;2,54;3;101,60;40;18,40;46,74;8,0; R$ 64,73 ; R$ 73,03 ; R$ 82,61 ; R$ 94,61 
92 x 92;920040;VANCOUVER;Metropolitana;única;Natural;4;V2;3;R211;2,54;3;101,60;40;18,40;46,74;8,0; R$ 63,92 ; R$ 71,87 ; R$ 81,01 ; R$ 92,41 
92 x 92;920041;VANCOUVER;Metropolitana;única;Externo;4;V2;4;R211;2,54;3;101,60;40;18,40;46,74;8,0; R$ 64,54 ; R$ 72,57 ; R$ 81,80 ; R$ 93,30 
92 x 92;920044;VALÊNCIA;Minerale;única;Externo;6;V3;4;R211;2,54;3;101,60;40;18,40;46,74;8,0; R$ 64,68 ; R$ 72,92 ; R$ 82,42 ; R$ 94,30 
92 x 92;920045;MILANO;Marmo;silver;Natural Soft;8;V3;3;R211;2,54;3;101,60;40;18,40;46,74;8,0; R$ 60,73 ; R$ 67,93 ; R$ 76,12 ; R$ 86,27 
92 x 92;920047;MILANO;Marmo;off white;Natural Soft;8;V3;3;R211;2,54;3;101,60;40;18,40;46,74;8,0; R$ 60,77 ; R$ 68,02 ; R$ 76,28 ; R$ 86,53 
92 x 92;920050;COPAN;Metropolitana;silver;Externo;6;V2;4;R211;2,54;3;101,60;40;18,40;46,74;8,0; R$ 58,08 ; R$ 64,75 ; R$ 72,32 ; R$ 81,66 
92 x 92;920051;BERLIN MOMENTO;Metropolitana;momento;Natural;1;V2;3;R211;2,54;3;101,60;40;18,40;46,74;8,0; R$ 59,48 ; R$ 66,60 ; R$ 74,74 ; R$ 84,83 
92 x 92;920052;SEVILHA;Minerale;única;Natural Grit;6;V3;3;R211;2,54;3;101,60;40;18,40;46,74;8,0; R$ 63,77 ; R$ 71,52 ; R$ 80,39 ; R$ 91,41 
92 x 92;920053;SEVILHA;Minerale;única;Externo;6;V3;4;R211;2,54;3;101,60;40;18,40;46,74;8,0; R$ 64,67 ; R$ 72,88 ; R$ 82,35 ; R$ 94,19 
92 x 92;920054;FUSION;Minerale;única;Natural Grit;6;V3;3;R211;2,54;3;101,60;40;18,40;46,74;8,0; R$ 63,76 ; R$ 71,49 ; R$ 80,33 ; R$ 91,31 
92 x 92;920055;FUSION;Minerale;única;Externo;6;V3;4;R211;2,54;3;101,60;40;18,40;46,74;8,0; R$ 64,65 ; R$ 72,83 ; R$ 82,26 ; R$ 94,04 
92 x 92;920057;HOUSE;Metropolitana;cement;Natural;4;V2;3;R211;2,54;3;101,60;40;18,40;46,74;8,0; R$ 56,11 ; R$ 62,55 ; R$ 69,85 ; R$ 78,86 
92 x 92;920058;HOUSE;Metropolitana;cement;Externo;4;V2;4;R211;2,54;3;101,60;40;18,40;46,74;8,0; R$ 58,04 ; R$ 64,67 ; R$ 72,18 ; R$ 81,44 
92 x 92;920059;HOUSE;Metropolitana;silver;Natural;4;V2;3;R211;2,54;3;101,60;40;18,40;46,74;8,0; R$ 56,16 ; R$ 62,67 ; R$ 70,05 ; R$ 79,18 
92 x 92;920060;HOUSE;Metropolitana;silver;Externo;4;V2;4;R211;2,54;3;101,60;40;18,40;46,74;8,0; R$ 58,29 ; R$ 65,24 ; R$ 73,16 ; R$ 82,99 
92 x 92;920061;TREVISO;Metropolitana;única;Natural;5;V2;3;R211;2,54;3;101,60;40;18,40;46,74;8,0; R$ 61,14 ; R$ 68,90 ; R$ 77,85 ; R$ 89,03 
92 x 92;920062;SPAZIO;Marmo;única;Natural;6;V3;3;R211;2,54;3;101,60;40;18,40;46,74;8,0; R$ 61,29 ; R$ 69,24 ; R$ 78,45 ; R$ 90,01 
92 x 92;920063;ORO FIRENZE;Marmo;única;Natural Soft;8;V3;3;R211;2,54;3;101,60;40;18,40;46,74;8,0; R$ 61,01 ; R$ 68,58 ; R$ 77,28 ; R$ 88,12 
92 x 92;920064;STREET;Metropolitana;off white;Natural;1;V2;3;R211;2,54;3;101,60;40;18,40;46,74;8,0; R$ 70,70 ; R$ 80,59 ; R$ 92,23 ; R$ 107,02 
92 x 92;920065;STREET;Metropolitana;concret;Natural;1;V2;3;R211;2,54;3;101,60;40;18,40;46,74;8,0; R$ 70,62 ; R$ 80,39 ; R$ 91,86 ; R$ 106,41 
92 x 92;920066;STREET;Metropolitana;concret;Externo;1;V2;4;R211;2,54;3;101,60;40;18,40;46,74;8,0; R$ 64,86 ; R$ 73,33 ; R$ 83,16 ; R$ 95,50 
108x108;108003;COPAN;Metropolitana;off white;Natural;6;V2;3;R309;2,33;2;97,86;42;21,00;48,93;9,0; R$ 62,36 ; R$ 69,77 ; R$ 78,23 ; R$ 88,70 
108x108;108005;COPAN;Metropolitana;cement;Natural;6;V2;3;R309;2,33;2;97,86;42;21,00;48,93;9,0; R$ 62,33 ; R$ 69,72 ; R$ 78,13 ; R$ 88,55 
108x108;108008;MONTERREY;Metropolitana;silver;Natural;4;V2;3;R309;2,33;2;97,86;42;21,00;48,93;9,0; R$ 71,62 ; R$ 80,93 ; R$ 91,72 ; R$ 105,27 
108x108;108009;MONTERREY;Metropolitana;cement;Natural;4;V2;3;R309;2,33;2;97,86;42;21,00;48,93;9,0; R$ 71,61 ; R$ 80,91 ; R$ 91,70 ; R$ 105,23 
108x108;108010;MONTERREY;Metropolitana;beige;Natural;4;V2;3;R309;2,33;2;97,86;42;21,00;48,93;9,0; R$ 71,66 ; R$ 81,02 ; R$ 91,90 ; R$ 105,55 
108x108;108014;PALAZZO DUCALE;Marmo;-;Natural Soft;6;V3;3;R309;2,33;2;97,86;42;21,00;48,93;9,0; R$ 73,56 ; R$ 83,18 ; R$ 94,35 ; R$ 108,37 
108x108;108015;MONTE BIANCO;Marmo;-;Natural Soft;8;V3;3;R309;2,33;2;97,86;42;21,00;48,93;9,0; R$ 73,55 ; R$ 83,16 ; R$ 94,30 ; R$ 108,29 
108x108;108019;LOMBARDIA;Minerale;silver;Natural SAP;6;V3;5;R309;2,33;2;97,86;42;21,00;48,93;9,0; R$ 86,29 ; R$ 97,93 ; R$ 111,52 ; R$ 128,67 
108x108;108020;LOMBARDIA;Minerale;silver;Externo SAP;6;V3;6;R309;2,33;2;97,86;42;21,00;48,93;9,0; R$ 82,29 ; R$ 93,65 ; R$ 106,99 ; R$ 123,90 
108x108;108021;PALAZZO VENEZIA;Marmo;única;Natural Soft;9;V2;3;R309;2,33;2;97,86;42;21,00;48,93;9,0; R$ 73,52 ; R$ 83,07 ; R$ 94,15 ; R$ 108,05 
108x108;108032;EMANATURA;Decor;calcário;Natural Grit;6;V2;3;R309;2,33;2;97,86;42;21,00;48,93;9,0; R$ 72,45 ; R$ 81,60 ; R$ 92,13 ; R$ 105,28 
108x108;108034;EMANATURA;Decor;argila;Natural Grit;6;V2;3;R309;2,33;2;97,86;42;21,00;48,93;9,0; R$ 72,35 ; R$ 81,36 ; R$ 91,71 ; R$ 104,60 
108x108;108035;EMANATURA;Decor;calcário;Externo SAP;6;V2;6;R309;2,33;2;97,86;42;21,00;48,93;9,0; R$ 76,48 ; R$ 86,50 ; R$ 98,14 ; R$ 112,76 
108x108;108037;EMANATURA;Decor;argila;Externo SAP;6;V2;6;R309;2,33;2;97,86;42;21,00;48,93;9,0; R$ 76,34 ; R$ 86,17 ; R$ 97,55 ; R$ 111,81 
108x108;108039;PALAZZO VENEZIA;Marmo;única;Polido ;9;V2;2;R309;2,33;2;97,86;42;21,00;48,93;9,0; R$ 89,22 ; R$ 100,96 ; R$ 114,61 ; R$ 131,76 
108x108;108040;COPAN;Metropolitana;off white;Polido ;6;V2;2;R309;2,33;2;97,86;42;21,00;48,93;9,0; R$ 77,11 ; R$ 86,25 ; R$ 96,68 ; R$ 109,59 
108x108;108041;COPAN;Metropolitana;silver;Polido ;6;V2;2;R309;2,33;2;97,86;42;21,00;48,93;9,0; R$ 77,09 ; R$ 86,23 ; R$ 96,63 ; R$ 109,52 
108x108;108042;ROYAL BLACK;Marmo;-;Polido ;8;V2;2;R309;2,33;2;97,86;42;21,00;48,93;9,0; R$ 100,83 ; R$ 114,40 ; R$ 130,25 ; R$ 150,25 
108x108;108043;PALAZZO DUCALE;Marmo;-;Polido ;6;V3;2;R309;2,33;2;97,86;42;21,00;48,93;9,0; R$ 89,21 ; R$ 100,93 ; R$ 114,56 ; R$ 131,68 
108x108;108045;MONTE BIANCO;Marmo;-;Polido ;8;V3;2;R309;2,33;2;97,86;42;21,00;48,93;9,0; R$ 89,21 ; R$ 100,95 ; R$ 114,58 ; R$ 131,72 
108x108;108051;COPAN;Metropolitana;cement;Externo;6;V2;4;R309;2,33;2;97,86;42;21,00;48,93;9,0; R$ 67,79 ; R$ 76,22 ; R$ 85,91 ; R$ 98,00 
108x108;108052;MONTERREY;Metropolitana;beige;Externo;4;V2;4;R309;2,33;2;97,86;42;21,00;48,93;9,0; R$ 72,19 ; R$ 81,54 ; R$ 92,38 ; R$ 105,96 
108x108;108053;MONTERREY;Metropolitana;cement;Externo;4;V2;4;R309;2,33;2;97,86;42;21,00;48,93;9,0; R$ 72,15 ; R$ 81,44 ; R$ 92,20 ; R$ 105,68 
108x108;108054;MONTERREY;Metropolitana;silver;Externo;4;V2;4;R309;2,33;2;97,86;42;21,00;48,93;9,0; R$ 72,21 ; R$ 81,59 ; R$ 92,47 ; R$ 106,11 
108x108;108055;RENASCENCE;Marmo;única;Polido;6;V3;2;R309;2,33;2;97,86;42;21,00;48,93;9,0; R$ 89,21 ; R$ 100,94 ; R$ 114,57 ; R$ 131,70 
108x108;108056;RENASCENCE;Marmo;única;Natural Vein;6;V3;3;R309;2,33;2;97,86;42;21,00;48,93;9,0; R$ 79,07 ; R$ 89,62 ; R$ 101,92 ; R$ 117,42 
108x108;108057;RENASCENCE;Marmo;única;Externo SAP;6;V3;6;R309;2,33;2;97,86;42;21,00;48,93;9,0; R$ 82,28 ; R$ 93,64 ; R$ 106,97 ; R$ 123,87 
108x108;108058 - VILLA ART;VAL GARDENA;Minerale;sabbia;Natural SAP;6;V3;5;R309;2,33;2;97,86;42;21,00;48,93;9,0; R$ 84,02 ; R$ 95,24 ; R$ 108,31 ; R$ 124,91 
108x108;108059 - VILLA ART;VAL GARDENA;Minerale;sabbia;Externo SAP;6;V3;6;R309;2,33;2;97,86;42;21,00;48,93;9,0; R$ 77,61 ; R$ 87,96 ; R$ 100,04 ; R$ 115,37 
108x108;108060 - VILLA ART;VAL GARDENA;Minerale;grigio;Natural SAP;6;V3;5;R309;2,33;2;97,86;42;21,00;48,93;9,0; R$ 84,57 ; R$ 95,85 ; R$ 109,01 ; R$ 125,72 
108x108;108061 - VILLA ART;VAL GARDENA;Minerale;grigio;Externo SAP;6;V3;6;R309;2,33;2;97,86;42;21,00;48,93;9,0; R$ 78,12 ; R$ 88,55 ; R$ 100,71 ; R$ 116,14 
108x108;108064;SANTIAGO;Minerale;única;Natural SAP;6;V3;5;R309;2,33;2;97,86;42;21,00;48,93;9,0; R$ 82,59 ; R$ 93,32 ; R$ 105,76 ; R$ 121,37 
108x108;108065;SANTIAGO;Minerale;única;Externo SAP;6;V3;6;R309;2,33;2;97,86;42;21,00;48,93;9,0; R$ 76,43 ; R$ 86,39 ; R$ 97,94 ; R$ 112,43 
108x108;108066;ACAPULCO;Minerale;cinza light;Externo;1;V2;4;R309;2,33;2;97,86;42;21,00;48,93;9,0; R$ 85,11 ; R$ 97,70 ; R$ 112,71 ; R$ 131,99 
108x108;108069;NIWA;Minerale;única;Natural SAP;1;V2;5;R309;2,33;2;97,86;42;21,00;48,93;9,0; R$ 82,43 ; R$ 92,96 ; R$ 105,11 ; R$ 120,31 
108x108;108070;NIWA;Minerale;única;Externo SAP;1;V2;6;R309;2,33;2;97,86;42;21,00;48,93;9,0; R$ 76,27 ; R$ 86,02 ; R$ 97,27 ; R$ 111,35 
108x108;108071 - VILLA ART;SHIZEN;Minerale;única;Natural SAP;1;V2;5;R309;2,33;2;97,86;42;21,00;48,93;9,0; R$ 84,19 ; R$ 95,42 ; R$ 108,53 ; R$ 125,16 
108x108;108072 - VILLA ART;SHIZEN;Minerale;única;Externo;1;V2;4;R309;2,33;2;97,86;42;21,00;48,93;9,0; R$ 84,16 ; R$ 96,70 ; R$ 111,66 ; R$ 131,00 
108x108;108073;RAVENNA;Marmo;única;Natural Vein;8;V3;3;R309;2,33;2;97,86;42;21,00;48,93;9,0; R$ 79,47 ; R$ 90,58 ; R$ 103,67 ; R$ 120,29 
108x108;108074;ANTICATTO;Minerale;única;Natural Vein;8;V3;3;R309;2,33;2;97,86;42;21,00;48,93;9,0; R$ 73,66 ; R$ 83,42 ; R$ 94,77 ; R$ 109,05 
108x108;108075;ANTICATTO;Minerale;única;Externo;8;V3;4;R309;2,33;2;97,86;42;21,00;48,93;9,0; R$ 72,25 ; R$ 81,70 ; R$ 92,66 ; R$ 106,41 
108x108;108076;LIVING;Metropolitana;silver;Natural Vein;6;V2;3;R309;2,33;2;97,86;42;21,00;48,93;9,0; R$ 73,66 ; R$ 83,42 ; R$ 94,77 ; R$ 109,05 
108x108;108077;LIVING;Metropolitana;silver;Externo;6;V2;4;R309;2,33;2;97,86;42;21,00;48,93;9,0; R$ 72,25 ; R$ 81,70 ; R$ 92,66 ; R$ 106,41 
108x108;108078;LIVING;Metropolitana;off white;Natural Vein;6;V2;3;R309;2,33;2;97,86;42;21,00;48,93;9,0; R$ 73,66 ; R$ 83,42 ; R$ 94,77 ; R$ 109,05 
108x108;108079;CAPRI;Minerale;única;Natural Grit;6;V3;3;R309;2,33;2;97,86;42;21,00;48,93;9,0; R$ 73,70 ; R$ 83,52 ; R$ 94,96 ; R$ 109,36 
108x108;108080;MONTSERRAT;Minerale;calcário;Natural SAP;6;V3;5;R309;2,33;2;97,86;42;21,00;48,93;9,0; R$ 82,64 ; R$ 93,45 ; R$ 106,00 ; R$ 121,75 
108x108;108081;MONTSERRAT;Minerale;terra;Natural SAP;6;V3;5;R309;2,33;2;97,86;42;21,00;48,93;9,0; R$ 86,17 ; R$ 97,63 ; R$ 110,97 ; R$ 127,78 
"119,5 x 250
Lastras";120001;MATERA;Minerale;avorio;Natural;4;V3;3;L120;2,99;-;59,80;20;16,47;49,20;7,0; R$ 306,96 ; R$ 356,94 ; R$ 418,08 ; R$ 498,43 
"119,5 x 250
Lastras";120003;PIETRA VIVA;Marmo;única;Natural Vein;4;V3;3;L120;2,99;-;59,80;20;16,47;49,20;7,0; R$ 306,96 ; R$ 356,94 ; R$ 418,08 ; R$ 498,43 
"119,5 x 250
Lastras";120004;RENASCENCE;Marmo;única;Natural Vein;4;V3;3;L120;2,99;-;59,80;20;16,47;49,20;7,0; R$ 306,96 ; R$ 356,94 ; R$ 418,08 ; R$ 498,43 
"119,5 x 250
Lastras";120005;TAJ CRYSTAL;Marmo;única;Natural;4;V3;3;L120;2,99;-;59,80;20;16,47;49,20;7,0; R$ 306,96 ; R$ 356,94 ; R$ 418,08 ; R$ 498,43 
"119,5 x 250
Lastras";120006;TAJ CRYSTAL;Marmo;única;Polido;4;V3;2;L120;2,99;-;59,80;20;17,07;51,00;7,0; R$ 360,98 ; R$ 419,76 ; R$ 491,66 ; R$ 586,16 
123 x 123;123000;LUMINA;Marmo;única;Natural Soft;8;V3;3;R315;3,03;2;72,72;24;20,80;63,00;9,0; R$ 80,63 ; R$ 91,20 ; R$ 103,49 ; R$ 118,91 
123 x 123;123001;CARRARA TOSCANA;Marmo;única;Natural Soft;8;V2;3;R315;3,03;2;72,72;24;20,80;63,00;9,0; R$ 80,99 ; R$ 92,08 ; R$ 105,08 ; R$ 121,53 
123 x 123;123004;HOUSE;Metropolitana;silver;Natural;6;V2;3;R315;3,03;2;72,72;24;20,80;63,00;9,0; R$ 73,78 ; R$ 82,99 ; R$ 93,57 ; R$ 106,77 
123 x 123;123010 - VILLA ART;CANOAS;Metropolitana;única;Natural SAP;6;V3;5;R315;3,03;2;72,72;24;20,80;63,00;9,0; R$ 95,37 ; R$ 108,10 ; R$ 122,94 ; R$ 141,78 
123 x 123;123011 - VILLA ART;CANOAS;Metropolitana;única;Externo SAP;6;V3;6;R315;3,03;2;72,72;24;20,80;63,00;9,0; R$ 90,75 ; R$ 102,86 ; R$ 116,98 ; R$ 134,91 
123 x 123;123012;BASALTO;Minerale;grey;Natural SAP;6;V2;5;R315;3,03;2;72,72;24;20,80;63,00;9,0; R$ 94,60 ; R$ 107,05 ; R$ 121,52 ; R$ 139,71 
123 x 123;123013;BASALTO;Minerale;grey;Externo SAP;6;V2;6;R315;3,03;2;72,72;24;20,80;63,00;9,0; R$ 91,46 ; R$ 103,64 ; R$ 117,83 ; R$ 135,69 
123 x 123;123014;BASALTO;Minerale;sand;Natural SAP;6;V2;5;R315;3,03;2;72,72;24;20,80;63,00;9,0; R$ 94,64 ; R$ 107,14 ; R$ 121,68 ; R$ 139,97 
123 x 123;123015;BASALTO;Minerale;sand;Externo SAP;6;V2;6;R315;3,03;2;72,72;24;20,80;63,00;9,0; R$ 91,50 ; R$ 103,75 ; R$ 118,04 ; R$ 136,04 
123 x 123;123016;HOUSE;Metropolitana;cement;Natural;6;V2;3;R315;3,03;2;72,72;24;20,80;63,00;9,0; R$ 73,76 ; R$ 82,94 ; R$ 93,49 ; R$ 106,64 
123 x 123;123017;COLOSSEO;Marmo;única;Natural Vein;6;V2;3;R315;3,03;2;72,72;24;20,80;63,00;9,0; R$ 87,09 ; R$ 99,11 ; R$ 113,23 ; R$ 131,11 
123 x 123;123020;COLOSSEO;Marmo;única;Externo SAP;6;V2;6;R315;3,03;2;72,72;24;20,80;63,00;9,0; R$ 96,15 ; R$ 109,59 ; R$ 125,43 ; R$ 145,54 
123 x 123;123024;PALAZZO DUCALE BIANCO;Marmo;bianco;Natural Soft;8;V3;3;R315;3,03;2;72,72;24;20,80;63,00;9,0; R$ 80,63 ; R$ 91,21 ; R$ 103,49 ; R$ 118,93 
123 x 123;123025;TREVI;Marmo;única;Natural Vein;5;V3;3;R315;3,03;2;72,72;24;20,80;63,00;9,0; R$ 80,62 ; R$ 91,19 ; R$ 103,47 ; R$ 118,89 
123 x 123;123026;BLACK MISTY;Minerale;única;Natural Brushed;8;V2;3;R315;3,03;2;72,72;24;20,80;63,00;9,0; R$ 118,67 ; R$ 136,48 ; R$ 157,81 ; R$ 185,29 
123 x 123;123027;PALAZZO DUCALE BIANCO;Marmo;bianco;Polido ;8;V3;2;R315;3,03;2;72,72;24;20,80;63,00;9,0; R$ 95,24 ; R$ 107,85 ; R$ 122,53 ; R$ 141,00 
123 x 123;123028;LUMINA;Marmo;única;Polido ;8;V3;2;R315;3,03;2;72,72;24;20,80;63,00;9,0; R$ 95,22 ; R$ 107,80 ; R$ 122,43 ; R$ 140,84 
123 x 123;123029;CARRARA TOSCANA;Marmo;única;Polido ;8;V2;2;R315;3,03;2;72,72;24;20,80;63,00;9,0; R$ 95,27 ; R$ 107,94 ; R$ 122,69 ; R$ 141,25 
123 x 123;123033;AGRA;Marmo;única;Polido;8;V3;2;R315;3,03;2;72,72;24;20,80;63,00;9,0; R$ 95,20 ; R$ 107,77 ; R$ 122,38 ; R$ 140,76 
123 x 123;123034;AGRA;Marmo;única;Natural Soft;8;V3;3;R315;3,03;2;72,72;24;20,80;63,00;9,0; R$ 80,94 ; R$ 91,95 ; R$ 104,84 ; R$ 121,12 
123 x 123;123035;LE HAVRE;Minerale;única;Natural Grit;8;V3;3;R315;3,03;2;72,72;24;20,80;63,00;9,0; R$ 90,41 ; R$ 103,01 ; R$ 117,83 ; R$ 136,64 
123 x 123;123037;HOUSE;Metropolitana;off white;Natural;6;V2;3;R315;3,03;2;72,72;24;20,80;63,00;9,0; R$ 74,12 ; R$ 83,79 ; R$ 95,00 ; R$ 109,07 
123 x 123;123038;HOUSE;Metropolitana;off white;Polido;6;V2;2;R315;3,03;2;72,72;24;20,80;63,00;9,0; R$ 87,87 ; R$ 98,88 ; R$ 111,55 ; R$ 127,35 
123 x 123;123039;HOUSE;Metropolitana;cement;Externo SAP;6;V2;6;R315;3,03;2;72,72;24;20,80;63,00;9,0; R$ 84,27 ; R$ 94,75 ; R$ 106,80 ; R$ 121,82 
123 x 123;123040;HOUSE;Metropolitana;silver;Externo SAP;6;V2;6;R315;3,03;2;72,72;24;20,80;63,00;9,0; R$ 84,41 ; R$ 95,09 ; R$ 107,41 ; R$ 122,80 
123 x 123;123041;HOUSE;Metropolitana;silver;Polido;6;V2;2;R315;3,03;2;72,72;24;20,80;63,00;9,0; R$ 87,81 ; R$ 98,73 ; R$ 111,29 ; R$ 126,94 
123 x 123;123042;HOUSE;Metropolitana;beige;Polido;6;V2;2;R315;3,03;2;72,72;24;20,80;63,00;9,0; R$ 87,82 ; R$ 98,76 ; R$ 111,34 ; R$ 127,03 
123 x 123;123043;HOUSE;Metropolitana;beige;Natural;6;V2;3;R315;3,03;2;72,72;24;20,80;63,00;9,0; R$ 73,81 ; R$ 83,05 ; R$ 93,69 ; R$ 106,95 
123 x 123;123044;HOUSE;Metropolitana;beige;Externo SAP;6;V2;6;R315;3,03;2;72,72;24;20,80;63,00;9,0; R$ 84,40 ; R$ 95,07 ; R$ 107,37 ; R$ 122,73 
123 x 123;123045;FLOW;Metropolitana;warm;Natural Vein;6;V2;3;R315;3,03;2;72,72;24;20,80;63,00;9,0; R$ 80,61 ; R$ 91,18 ; R$ 103,44 ; R$ 118,84 
123 x 123;123046;FLOW;Metropolitana;concret;Natural Vein;6;V2;3;R315;3,03;2;72,72;24;20,80;63,00;9,0; R$ 80,56 ; R$ 91,05 ; R$ 103,22 ; R$ 118,48 
123 x 123;123047;KRABI;Minerale;cream;Natural;6;V3;3;R315;3,03;2;72,72;24;20,80;63,00;9,0; R$ 81,07 ; R$ 92,25 ; R$ 105,39 ; R$ 122,04 
123 x 123;123049 - VILLA ART;MATERA;Minerale;avório;Natural Grit;6;V3;3;R315;3,03;2;72,72;24;20,80;63,00;9,0; R$ 84,99 ; R$ 96,33 ; R$ 109,56 ; R$ 126,35 
123 x 123;123050 - VILLA ART;MATERA;Minerale;noce;Natural Grit;6;V3;3;R315;3,03;2;72,72;24;20,80;63,00;9,0; R$ 85,60 ; R$ 97,03 ; R$ 110,35 ; R$ 127,26 
123 x 123;123051 - VILLA ART;MATERA;Minerale;noce;Externo SAP;6;V3;6;R315;3,03;2;72,72;24;20,80;63,00;9,0; R$ 85,18 ; R$ 96,55 ; R$ 109,80 ; R$ 126,63 
123 x 123;123052 - VILLA ART;EL CALAFATE;Marmo;única;Polido;8;V3;2;R315;3,03;2;72,72;24;20,80;63,00;9,0; R$ 93,44 ; R$ 105,91 ; R$ 120,45 ; R$ 138,91 
123 x 123;123053 - VILLA ART;PIETRA DI TIBUR;Minerale;única;Natural Sense UP;6;V3;3;R315;3,03;2;72,72;24;20,80;63,00;9,0; R$ 105,24 ; R$ 119,28 ; R$ 135,66 ; R$ 156,45 
123 x 123;123054;PIETRA DI MILOS;Minerale;bianco;Natural SenseUP;8;V3;3;R315;3,03;2;72,72;24;20,80;63,00;9,0; R$ 114,64 ; R$ 129,61 ; R$ 146,98 ; R$ 168,78 
123 x 123;123055;PIETRA DI MILOS;Minerale;argento;Natural SenseUP;8;V3;3;R315;3,03;2;72,72;24;20,80;63,00;9,0; R$ 114,68 ; R$ 129,71 ; R$ 147,15 ; R$ 169,06 
123 x 123;123056;PIETRA DI MERAPI;Minerale;grigio;Natural SenseUP;8;V3;3;R315;3,03;2;72,72;24;20,80;63,00;9,0; R$ 114,90 ; R$ 130,23 ; R$ 148,09 ; R$ 170,58 
123 x 123;123057;PIETRA DI MERAPI;Minerale;sabbia;Natural SenseUP;8;V3;3;R315;3,03;2;72,72;24;20,80;63,00;9,0; R$ 114,68 ; R$ 129,69 ; R$ 147,11 ; R$ 169,00 
123 x 123;123058;RENASCENCE;Marmo;bronze;Natural Vein;6;V3;3;R315;3,03;2;72,72;24;20,80;63,00;9,0; R$ 87,05 ; R$ 99,02 ; R$ 113,06 ; R$ 130,83 
123 x 123;123059;RENASCENCE;Marmo;bronze;Externo SAP;6;V3;6;R315;3,03;2;72,72;24;20,80;63,00;9,0; R$ 96,53 ; R$ 110,51 ; R$ 127,12 ; R$ 148,36 
123 x 123;123062;PIETRA DI MERAPI;Minerale;grigio;Externo SAP;8;V3;6;R315;3,03;2;72,72;24;20,80;63,00;9,0; R$ 96,02 ; R$ 109,27 ; R$ 124,84 ; R$ 144,56 
123 x 123;123063;PIETRA DI MERAPI;Minerale;sabbia;Externo SAP;8;V3;6;R315;3,03;2;72,72;24;20,80;63,00;9,0; R$ 96,05 ; R$ 109,35 ; R$ 124,98 ; R$ 144,80 
123 x 123;123064;ZEN;Minerale;aurora;Natural SAP;6;V3;5;R315;3,03;2;72,72;24;20,80;63,00;9,0; R$ 102,18 ; R$ 116,54 ; R$ 133,46 ; R$ 154,97 
123 x 123;123065;ZEN;Minerale;orvalho;Natural SAP;6;V3;5;R315;3,03;2;72,72;24;20,80;63,00;9,0; R$ 102,13 ; R$ 116,41 ; R$ 133,23 ; R$ 154,60 
123 x 123;123066;ZEN;Minerale;orvalho;Externo SAP;6;V3;6;R315;3,03;2;72,72;24;20,80;63,00;9,0; R$ 96,07 ; R$ 109,41 ; R$ 125,10 ; R$ 144,99 
123 x 123;123068;ELYSIUM;Marmo;única;Natural Vein;8;V2;3;R315;3,03;2;72,72;24;20,80;63,00;9,0; R$ 87,06 ; R$ 99,03 ; R$ 113,08 ; R$ 130,88 
123 x 123;123069;PANTHEON;Minerale;única;Natural Grit;6;V3;3;R315;3,03;2;72,72;24;20,80;63,00;9,0; R$ 83,81 ; R$ 94,91 ; R$ 107,83 ; R$ 124,08 
123 x 123;123070;PANTHEON;Minerale;única;Externo;6;V3;6;R315;3,03;2;72,72;24;20,80;63,00;9,0; R$ 86,98 ; R$ 98,84 ; R$ 112,73 ; R$ 130,30 
123 x 123;123071;BLACK SUPREME;Minerale;única;Natural Grit;6;V2;3;R315;3,03;2;72,72;24;20,80;63,00;9,0; R$ 96,31 ; R$ 109,61 ; R$ 125,22 ; R$ 145,00 
123 x 123;123072;CHRONOS;Bistrô;metallo;Natural Brushed;6;V3;3;R315;3,03;2;72,72;24;20,80;63,00;9,0; R$ 102,51 ; R$ 116,32 ; R$ 132,46 ; R$ 152,83 
123 x 123;123073;CHRONOS;Bistrô;petra;Natural Brushed;6;V3;3;R315;3,03;2;72,72;24;20,80;63,00;9,0; R$ 102,77 ; R$ 116,95 ; R$ 133,61 ; R$ 154,71 
123 x 123;123074;SERENITÀ;Marmo;única;Natural Vein;8;V3;3;R315;3,03;2;72,72;24;20,80;63,00;9,0; R$ 87,03 ; R$ 98,97 ; R$ 112,96 ; R$ 130,68 
123 x 123;123075;PIETRA VIVA;Marmo;única;Natural Vein;8;V3;3;R315;3,03;2;72,72;24;20,80;63,00;9,0; R$ 87,05 ; R$ 99,02 ; R$ 113,06 ; R$ 130,83 
123 x 123;123076;PIETRA VIVA;Marmo;única;Externo SAP;8;V3;6;R315;3,03;2;72,72;24;20,80;63,00;9,0; R$ 96,53 ; R$ 110,51 ; R$ 127,12 ; R$ 148,36 
123 x 123;123077;TAJ CRYSTAL;Marmo;única;Natural Soft;8;V3;3;R315;3,03;2;72,72;24;20,80;63,00;9,0; R$ 80,49 ; R$ 90,87 ; R$ 102,88 ; R$ 117,93 
123 x 123;123078;TAJ CRYSTAL;Marmo;única;Polido;8;V3;2;R315;3,03;2;72,72;24;20,80;63,00;9,0; R$ 94,86 ; R$ 106,96 ; R$ 120,93 ; R$ 138,40 
123 x 123;123079;CHRONOS;Bistrô;metallo;Externo SAP;6;V3;3;R315;3,03;2;72,72;24;20,80;63,00;9,0; R$ 91,33 ; R$ 103,34 ; R$ 117,29 ; R$ 134,82 
123 x 123;123080;CHRONOS;Bistrô;petra;Externo SAP;6;V3;3;R315;3,03;2;72,72;24;20,80;63,00;9,0; R$ 91,33 ; R$ 103,33 ; R$ 117,28 ; R$ 134,81 
123 x 123;123081;LUNAR;Minerale;única;Natural Sense IN;8;V2;3;R315;3,03;2;72,72;24;20,80;63,00;9,0; R$ 93,36 ; R$ 105,92 ; R$ 120,60 ; R$ 139,10 
123 x 123;123082;LUNAR;Minerale;única;Externo Sense IN;8;V2;4;R315;3,03;2;72,72;24;20,80;63,00;9,0; R$ 80,58 ; R$ 90,27 ; R$ 101,34 ; R$ 115,07 
123 x 123;123083 - VILLA ART;PIETRA DI PUGLIA;Minerale;única;Natural Sense IN;8;V3;3;R315;3,03;2;72,72;24;20,80;63,00;9,0; R$ 99,36 ; R$ 113,33 ; R$ 129,78 ; R$ 150,82 
123 x 123;123084 - VILLA ART;PIETRA DI PUGLIA;Minerale;única;Externo Sense IN;8;V3;4;R315;3,03;2;72,72;24;20,80;63,00;9,0; R$ 93,02 ; R$ 105,44 ; R$ 119,91 ; R$ 138,29 
123 x 123;123085 - VILLA ART;NAZCA;Minerale;off white;Natural Sense IN;6;V3;3;R315;3,03;2;72,72;24;20,80;63,00;9,0; R$ 98,86 ; R$ 112,75 ; R$ 129,12 ; R$ 150,05 
123 x 123;123086 - VILLA ART;NAZCA;Minerale;grey;Natural Sense IN;6;V3;3;R315;3,03;2;72,72;24;20,80;63,00;9,0; R$ 99,86 ; R$ 113,89 ; R$ 130,42 ; R$ 151,57 
123 x 123;123087 - VILLA ART;NAZCA;Minerale;grey;Externo Sense IN;6;V3;4;R315;3,03;2;72,72;24;20,80;63,00;9,0; R$ 85,92 ; R$ 96,32 ; R$ 108,21 ; R$ 122,98 
18 x 122;SPC1850001;PARIS;Vinílico;única;Vinílico;6;capa desgaste 0,3 mm;23 / 31;M503;2,22;10;144,30;65;8,65;19,20;5,0; R$ -   ; R$ -   ; R$ -   ; R$ -   
18 x 122;SPC1850002;AVIGNON;;;;;;;;;;;;;;; R$ -   ; R$ -   ; R$ -   ; R$ -   
19,2 x 122;LVT19220001;PROVENCE;Vinílico;freijó;Vinílico;6;capa desgaste 0,2 mm;22;L100;4,68;20;374,40;80;3,70;17,32;2,0; R$ -   ; R$ -   ; R$ -   ; R$ -   
19,2 x 122;LVT19220002;PROVENCE;;amêndoa;;;;;;;;;;;;; R$ -   ; R$ -   ; R$ -   ; R$ -   
19,2 x 122;LVT19220003;DIJON;;única;;;;;;;;;;;;; R$ -   ; R$ -   ; R$ -   ; R$ -   
19,2 x 122;LVT19220004;VERSAILLES;;carvalho;;;;;;;;;;;;; R$ -   ; R$ -   ; R$ -   ; R$ -   
19,2 x 122; LVT19220005 ;LILLE;;jatobá;;;;;;;;;;;;; R$ -   ; R$ -   ; R$ -   ; R$ -   
19,2 x 122;LVT19220006;LILLE;;carvalho;;;;;;;;;;;;; R$ -   ; R$ -   ; R$ -   ; R$ -   
19,2 x 122;LVT19220007;PARIS;;única;;;;;;;;;;;;; R$ -   ; R$ -   ; R$ -   ; R$ -   
19,2 x 122;LVT19330001;VERSAILLES;Vinílico;natural;Vinílico;6;capa desgaste 0,3 mm;23 / 31;L200;3,75;16;262,50;70;5,50;20,63;3,0; R$ -   ; R$ -   ; R$ -   ; R$ -   
19,2 x 122;LVT19330002;MARSEILLE;;única;;;;;;;;;;;;; R$ -   ; R$ -   ; R$ -   ; R$ -   
19,2 x 122;LVT19330003;RENNES;;única;;;;;;;;;;;;; R$ -   ; R$ -   ; R$ -   ; R$ -   
96 x 96;LVT96350001;LA CITÉ;Vinílico;única;Vinílico;6;capa desgaste 0,55 mm;33 / 42;L400;4,61;5;147,52;32;5,50;25,35;3,0; R$ -   ; R$ -   ; R$ -   ; R$ -   
96 x 96;LVT96350002;LE MARAIS;;;;;;;;;;;;;;; R$ -   ; R$ -   ; R$ -   ; R$ -   
96 x 96;LVT96350003;POMPIDOU;;;;;;;;;;;;;;; R$ -   ; R$ -   ; R$ -   ; R$ -   
96 x 96;LVT96350004;SAINT-LOUIS;;;;;;;;;;;;;;; R$ -   ; R$ -   ; R$ -   ; R$ -   